﻿<?xml version="1.0" encoding="utf-8"?>
<ROOT xmlns:xsi="http://www.w3.org/2001/XMLSchema-instance" xsi:noNamespaceSchemaLocation="C:\Personal\Projects\FoundationSol\DataStructureGPI\XMLSchema1.xsd">
  <Past>
    <Common>
      <SeizoNo></SeizoNo>
      <MCNo></MCNo>
      <MCName></MCName>
    </Common>
  </Past>
  <ResultData>
    <FlowResult></FlowResult>
  </ResultData>
  <Seihin>
    <Common>
      <Pcb></Pcb>
      <SeizoNo/>
      <MCNo/>
      <MCName/>
      <Operator/>
      <StartTime/>
      <EndTime/>
    </Common>
    <First>
      <ProductResult/>
    </First>
    <Second>
      <ProductResult/>
    </Second>
    <ProgNo/>
    <PreheatTempList>
      <PreheatTemp>
        <St/>
        <Heater/>
        <Temp/>
      </PreheatTemp>
      <PreheatTemp>
        <St/>
        <Heater/>
        <Temp/>
      </PreheatTemp>
      <PreheatTemp>        
        <St/>
        <Heater/>
        <Temp/>
      </PreheatTemp>
    </PreheatTempList>
    <HeatTempList>
      <HeatTemp>
        <St/>
        <Heater/>
        <Temp/>
      </HeatTemp>
      <HeatTemp>
        <St/>
        <Heater/>
        <Temp/>
      </HeatTemp>
      <HeatTemp>
        <St/>
        <Heater/>
        <Temp/>
      </HeatTemp>
    </HeatTempList>
    <CoolTemp/>
    <OxyDensity/>
    <N2Flow/>
    <ConveyorSp/>      
  </Seihin>

  <Setsubi>
    <Common>
      <MCNo/>
      <MCName/>
    </Common>
    <Occur>
      <RaiseTime/>
      <EventMessage/>
    </Occur>
    <Occur>
      <RaiseTime/>
      <Error>
        <ErrorMessage/>
        <ErrorCode/>
      </Error>      
    </Occur>
    <Occur>
      <RaiseTime/>
      <InputPart>
        <PartsNo/>
        <LotNo/>
      </InputPart>
    </Occur>
    <Occur>
      <RaiseTime/>
      <ManagementMessage>
        <Maintenance>
          <MaintenanceItem/>
          <MaintenanceValue/>
        </Maintenance>
        <Maintenance>
          <MaintenanceItem/>
          <MaintenanceValue/>
        </Maintenance>
      </ManagementMessage>
    </Occur>
  </Setsubi>
  
  <Event>
    <Common>
      <MCNo/>
      <MCName/>
    </Common>
    <RaiseTime></RaiseTime>
    <Error>
      <ErrorMessage/>
      <ErrorCode/>
    </Error>
    <Status/>    
  </Event>
</ROOT>
